<?xml version="1.0" encoding="UTF-8"?>
<project-private xmlns="http://www.netbeans.org/ns/project-private/1">
    <editor-bookmarks xmlns="http://www.netbeans.org/ns/editor-bookmarks/2" lastBookmarkId="0"/>
    <open-files xmlns="http://www.netbeans.org/ns/projectui-open-files/2">
        <group>
            <file>file:/D:/College%20Materials/5th%20Semester/Web%20Technologies%20Lab/JDBC%20Netbeans/HouseOfGadgets/src/java/productsPackage/PurchaseServlet.java</file>
            <file>file:/D:/College%20Materials/5th%20Semester/Web%20Technologies%20Lab/JDBC%20Netbeans/HouseOfGadgets/src/java/productsPackage/MyOrders.java</file>
            <file>file:/D:/College%20Materials/5th%20Semester/Web%20Technologies%20Lab/JDBC%20Netbeans/HouseOfGadgets/web/mycart.jsp</file>
            <file>file:/D:/College%20Materials/5th%20Semester/Web%20Technologies%20Lab/JDBC%20Netbeans/HouseOfGadgets/web/myorders.jsp</file>
        </group>
    </open-files>
</project-private>
